<?xml version="1.0" encoding="UTF-8" ?>
<!DOCTYPE mapper
  SYSTEM "mybatis-3-mapper.dtd">

<mapper namespace="seisan.rest.mysql">

  <select id="SELECT_PAYID" resultType="DECIMAL">
    select seisan._nextval('pay_biz')
  </select>

  <select id="SELECT_ADDETAILID" resultType="DECIMAL">
    select seisan._nextval('ad_detail')
  </select>

  <insert id="INSERT_PAY_BIZ">
    insert into
      seisan.pay_biz (
        pay_id,
        pay_payer,
        pay_for_users,
        pay_content,
        pay_amount,
        regist_date)
    values (
        #{PAY_ID},
        #{PAY_PAYER},
        #{PAY_FOR_USERS},
        #{PAY_CONTENT},
        #{PAY_AMOUNT},
        now())
  </insert>

  <insert id="INSERT_AD_DETAIL">
    insert into
      seisan.adjustment_detail (
        ad_detail_id,
        pay_id,
        ad_amount,
        ad_from,
        ad_to,
        ad_date,
        ad_done)
    values (
        #{AD_DETAIL_ID},
        #{PAY_ID},
        #{AD_AMOUNT},
        #{AD_FROM},
        #{AD_TO},
        now(),
        #{AD_DONE})
  </insert>
</mapper>