<?xml version="1.0" encoding="UTF-8" ?>
<!DOCTYPE mapper
  SYSTEM "mybatis-3-mapper.dtd">

<mapper namespace="seisan.rest.mysql">

  <select id="SELECT_EVENT" resultType="EventDetail">
    select
      a.event_id eventId
      , a.detail_ids eventDetail
      , a.event_amount adAmount
      , date_format(a.event_date, '%y-%c-%e %k:%i:%s') adDate
      , a.event_from eventFrom
      , a.event_to eventTo
      , ua.name adUserFrom
      , ub.name adUserTo
    from
      seisan.adjustment_event a
    left join
      seisan.user_mst ua
    on a.event_from = ua.id
    left join
      seisan.user_mst ub
    on a.event_to = ub.id
    order by
      event_date desc
      , event_from
  </select>

  <select id="SELECT_EVENT_BY_ID" resultType="EventDetail">
    select
      a.event_id eventId
      , a.detail_ids eventDetail
      , a.event_amount adAmount
      , a.event_date adDate
      , a.event_from eventFrom
      , a.event_to eventTo
    from
      seisan.adjustment_event a
    where
      event_id = #{eventId}
  </select>

  <select id="SELECT_ATOB_WITH_DETAILID" resultType="UserAUserB_RESULT">
    select
      a.ad_detail_id adNum
      ,a.pay_id payNum
      ,a.ad_amount amount
      ,ua.name userNmFrom
      ,ub.name userNmTo
      ,a.ad_date adDate
      ,a.ad_done adDone
      ,p.pay_content `use`
      ,a.ad_from userIdFrom
      ,a.ad_to userIdTo
    from
      seisan.adjustment_detail a
    inner join
      seisan.pay_biz p
    on a.pay_id = p.pay_id
    left join
      seisan.user_mst ua
    on a.ad_from = ua.id
    left join
      seisan.user_mst ub
    on a.ad_to = ub.id
    where
    <if test="userA != null">
      a.ad_from = #{userA}
    and
    </if>
    <if test="userB != null">
      a.ad_to = #{userB}
    and
    </if>
      a.ad_detail_id in
    <foreach collection="detailIds" item="item" open="(" separator="," close=")">
       #{item}
    </foreach>
    order by
      ad_done desc,
      ad_amount desc
  </select>
</mapper>