<?xml version="1.0" encoding="UTF-8" ?>
<!DOCTYPE configuration
  SYSTEM "mybatis-3-config.dtd">

<configuration>

  <settings>
    <setting name="autoMappingBehavior" value="FULL" />
  </settings>

  <typeAliases>
    <package name="jsrc.entity" />
    <package name="jsrc.revpojo" />
    <package name="jsrc.retpojo" />
  </typeAliases>

  <environments default="seisanMysql">

    <environment id="seisanMysql">
      <transactionManager type="JDBC"/>
      <dataSource type="POOLED">
        <property name="driver" value="oracle.jdbc.driver.OracleDriver"/>
        <property name="url" value="jdbc:oracle:thin:@10.33.203.6:1524:pxs18"/>
        <property name="username" value="ASY_WK_268"/>
        <property name="password" value="ASY_WK_268"/>
      </dataSource>
    </environment>

    <environment id="seisanMysql">
      <transactionManager type="JDBC"/>
      <dataSource type="POOLED">
        <property name="driver" value="com.mysql.jdbc.Driver"/>
        <property name="url" value="jdbc:mysql://localhost/seisan"/>
        <property name="username" value="root"/>
        <property name="password" value="6225"/>
      </dataSource>
    </environment>

  </environments>

  <mappers>
    <mapper resource="resources/api_v1_mapper.xml"/>
    <mapper resource="resources/api_v2_mapper.xml"/>
    <mapper resource="resources/api_v3_mapper.xml"/>
    <mapper resource="resources/api_v4_mapper.xml"/>
    <mapper resource="resources/api_v5_v6_mapper.xml"/>
  </mappers>

</configuration>
